Ozone_Timestamp,Ozone_Data,Ozone_Location,,latitud,longitud
10/04/2025 08:08,49," 19.389025,-99.162086",,19.389025,-99.162086
10/04/2025 08:08,49," 19.389023,-99.162117",,19.389023,-99.162117
10/04/2025 08:08,51," 19.389023,-99.162117",,19.389023,-99.162117
10/04/2025 08:08,50," 19.388996,-99.162086",,19.388996,-99.162086
10/04/2025 08:09,49," 19.388971,-99.162064",,19.388971,-99.162064
10/04/2025 08:09,49," 19.388947,-99.162056",,19.388947,-99.162056
10/04/2025 08:09,49," 19.388929,-99.162064",,19.388929,-99.162064
10/04/2025 08:09,49," 19.388916,-99.162071",,19.388916,-99.162071
10/04/2025 08:09,49," 19.388897,-99.162071",,19.388897,-99.162071
10/04/2025 08:09,49," 19.388889,-99.162025",,19.388889,-99.162025
10/04/2025 08:10,49," 19.388885,-99.162056",,19.388885,-99.162056
10/04/2025 08:10,50," 19.388885,-99.162056",,19.388885,-99.162056
10/04/2025 08:10,50," 19.388819,-99.162048",,19.388819,-99.162048
10/04/2025 08:10,50," 19.388819,-99.162048",,19.388819,-99.162048
10/04/2025 08:10,51," 19.388805,-99.162041",,19.388805,-99.162041
10/04/2025 08:10,54," 19.388788,-99.162086",,19.388788,-99.162086
10/04/2025 08:10,58," 19.388760,-99.162148",,19.38876,-99.162148
10/04/2025 08:11,53," 19.388737,-99.162231",,19.388737,-99.162231
10/04/2025 08:11,53," 19.388718,-99.162239",,19.388718,-99.162239
10/04/2025 08:11,60," 19.388718,-99.162239",,19.388718,-99.162239
10/04/2025 08:11,59," 19.388699,-99.162308",,19.388699,-99.162308
10/04/2025 08:11,61," 19.392462,-99.172806",,19.392462,-99.172806
10/04/2025 08:11,63," 19.392500,-99.172691",,19.3925,-99.172691
10/04/2025 08:11,59," 19.392538,-99.172752",,19.392538,-99.172752
10/04/2025 08:12,68," 19.392422,-99.172745",,19.392422,-99.172745
10/04/2025 08:12,61," 19.392490,-99.172707",,19.39249,-99.172707
10/04/2025 08:12,53," 19.392490,-99.172707",,19.39249,-99.172707
10/04/2025 08:12,50," 19.392490,-99.172707",,19.39249,-99.172707
10/04/2025 08:12,50," 19.392490,-99.172722",,19.39249,-99.172722
10/04/2025 08:12,51," 19.392490,-99.172722",,19.39249,-99.172722
10/04/2025 08:12,53," 19.392490,-99.172722",,19.39249,-99.172722
10/04/2025 08:12,52," 19.392487,-99.172737",,19.392487,-99.172737
10/04/2025 08:13,54," 19.392479,-99.172752",,19.392479,-99.172752
10/04/2025 08:13,54," 19.392479,-99.172752",,19.392479,-99.172752
10/04/2025 08:13,52," 19.392479,-99.172752",,19.392479,-99.172752
10/04/2025 08:13,53," 19.392460,-99.172752",,19.39246,-99.172752
10/04/2025 08:13,52," 19.392466,-99.172783",,19.392466,-99.172783
10/04/2025 08:13,50," 19.392569,-99.172913",,19.392569,-99.172913
10/04/2025 08:13,51," 19.392597,-99.172943",,19.392597,-99.172943
10/04/2025 08:14,54," 19.392624,-99.172935",,19.392624,-99.172935
10/04/2025 08:14,100," 19.392635,-99.172966",,19.392635,-99.172966
10/04/2025 08:14,162," 19.392635,-99.172966",,19.392635,-99.172966
10/04/2025 08:14,139," 19.392618,-99.172958",,19.392618,-99.172958
10/04/2025 08:14,111," 19.392618,-99.172958",,19.392618,-99.172958
10/04/2025 08:14,82," 19.392618,-99.172958",,19.392618,-99.172958
10/04/2025 08:14,69," 19.392626,-99.172974",,19.392626,-99.172974
10/04/2025 08:15,64," 19.392649,-99.173058",,19.392649,-99.173058
10/04/2025 08:15,63," 19.392658,-99.173096",,19.392658,-99.173096
10/04/2025 08:15,59," 19.392645,-99.173096",,19.392645,-99.173096
10/04/2025 08:15,56," 19.392645,-99.173096",,19.392645,-99.173096
10/04/2025 08:15,55," 19.392643,-99.173050",,19.392643,-99.17305
10/04/2025 08:15,52," 19.392632,-99.173004",,19.392632,-99.173004
10/04/2025 08:15,52," 19.392637,-99.172989",,19.392637,-99.172989
10/04/2025 08:16,51," 19.392588,-99.173027",,19.392588,-99.173027
10/04/2025 08:16,51," 19.392488,-99.173058",,19.392488,-99.173058
10/04/2025 08:16,51," 19.392488,-99.173058",,19.392488,-99.173058
10/04/2025 08:16,52," 19.392189,-99.173149",,19.392189,-99.173149
10/04/2025 08:16,52," 19.392141,-99.173134",,19.392141,-99.173134
10/04/2025 08:16,52," 19.392141,-99.173134",,19.392141,-99.173134
10/04/2025 08:16,52," 19.391878,-99.173180",,19.391878,-99.17318
10/04/2025 08:17,52," 19.391720,-99.173203",,19.39172,-99.173203
10/04/2025 08:17,52," 19.391588,-99.173225",,19.391588,-99.173225
10/04/2025 08:17,53," 19.391588,-99.173225",,19.391588,-99.173225
10/04/2025 08:17,53," 19.391535,-99.173340",,19.391535,-99.17334
10/04/2025 08:17,54," 19.391510,-99.173386",,19.39151,-99.173386
10/04/2025 08:17,54," 19.391430,-99.173401",,19.39143,-99.173401
10/04/2025 08:17,52," 19.391315,-99.173416",,19.391315,-99.173416
10/04/2025 08:18,52," 19.391150,-99.173416",,19.39115,-99.173416
10/04/2025 08:18,52," 19.391006,-99.173424",,19.391006,-99.173424
10/04/2025 08:18,53," 19.390917,-99.173462",,19.390917,-99.173462
10/04/2025 08:18,52," 19.390877,-99.173477",,19.390877,-99.173477
10/04/2025 08:18,52," 19.390867,-99.173492",,19.390867,-99.173492
10/04/2025 08:18,52," 19.390814,-99.173508",,19.390814,-99.173508
10/04/2025 08:18,53," 19.390795,-99.173500",,19.390795,-99.1735
10/04/2025 08:18,56," 19.390749,-99.173523",,19.390749,-99.173523
10/04/2025 08:19,60," 19.390675,-99.173569",,19.390675,-99.173569
10/04/2025 08:19,59," 19.390594,-99.173569",,19.390594,-99.173569
10/04/2025 08:19,54," 19.390480,-99.173622",,19.39048,-99.173622
10/04/2025 08:19,53," 19.390480,-99.173622",,19.39048,-99.173622
10/04/2025 08:19,53," 19.390480,-99.173622",,19.39048,-99.173622
10/04/2025 08:19,53," 19.389984,-99.173729",,19.389984,-99.173729
10/04/2025 08:20,53," 19.389984,-99.173729",,19.389984,-99.173729
10/04/2025 08:20,53," 19.389984,-99.173729",,19.389984,-99.173729
10/04/2025 08:20,53," 19.389870,-99.173721",,19.38987,-99.173721
10/04/2025 08:20,53," 19.389830,-99.173744",,19.38983,-99.173744
10/04/2025 08:20,53," 19.389780,-99.173721",,19.38978,-99.173721
10/04/2025 08:21,53," 19.389772,-99.173729",,19.389772,-99.173729
10/04/2025 08:21,54," 19.389740,-99.173729",,19.38974,-99.173729
10/04/2025 08:21,55," 19.389740,-99.173729",,19.38974,-99.173729
10/04/2025 08:21,55," 19.389725,-99.173737",,19.389725,-99.173737
10/04/2025 08:21,56," 19.389744,-99.173683",,19.389744,-99.173683
10/04/2025 08:21,56," 19.389750,-99.173653",,19.38975,-99.173653
10/04/2025 08:21,56," 19.389750,-99.173653",,19.38975,-99.173653
10/04/2025 08:21,55," 19.389750,-99.173653",,19.38975,-99.173653
10/04/2025 08:22,54," 19.389750,-99.173653",,19.38975,-99.173653
10/04/2025 08:22,54," 19.389750,-99.173653",,19.38975,-99.173653
10/04/2025 08:22,53," 19.389750,-99.173653",,19.38975,-99.173653
10/04/2025 08:22,53," 19.389750,-99.173653",,19.38975,-99.173653
10/04/2025 08:22,53," 19.389750,-99.173653",,19.38975,-99.173653
10/04/2025 08:22,54," 19.389750,-99.173653",,19.38975,-99.173653
10/04/2025 08:22,54," 19.389803,-99.173668",,19.389803,-99.173668
10/04/2025 08:23,54," 19.389803,-99.173668",,19.389803,-99.173668
10/04/2025 08:23,54," 19.389708,-99.173691",,19.389708,-99.173691
10/04/2025 08:23,53," 19.389708,-99.173691",,19.389708,-99.173691
10/04/2025 08:23,54," 19.389500,-99.173782",,19.3895,-99.173782
10/04/2025 08:23,53," 19.389500,-99.173782",,19.3895,-99.173782
10/04/2025 08:23,53," 19.389454,-99.173759",,19.389454,-99.173759
10/04/2025 08:23,53," 19.389387,-99.173775",,19.389387,-99.173775
10/04/2025 08:24,54," 19.389305,-99.173798",,19.389305,-99.173798
10/04/2025 08:24,53," 19.389107,-99.173866",,19.389107,-99.173866
10/04/2025 08:24,53," 19.389107,-99.173866",,19.389107,-99.173866
10/04/2025 08:24,53," 19.389107,-99.173866",,19.389107,-99.173866
10/04/2025 08:24,56," 19.389107,-99.173866",,19.389107,-99.173866
10/04/2025 08:25,56," 19.388798,-99.174133",,19.388798,-99.174133
10/04/2025 08:25,55," 19.388773,-99.174164",,19.388773,-99.174164
10/04/2025 08:25,55," 19.388510,-99.174324",,19.38851,-99.174324
10/04/2025 08:25,55," 19.388380,-99.174377",,19.38838,-99.174377
10/04/2025 08:25,55," 19.388178,-99.174362",,19.388178,-99.174362
10/04/2025 08:25,61," 19.387993,-99.174339",,19.387993,-99.174339
10/04/2025 08:25,56," 19.387993,-99.174339",,19.387993,-99.174339
10/04/2025 08:26,55," 19.387911,-99.174324",,19.387911,-99.174324
10/04/2025 08:26,55," 19.387835,-99.174377",,19.387835,-99.174377
10/04/2025 08:26,55," 19.387835,-99.174377",,19.387835,-99.174377
10/04/2025 08:26,54," 19.387526,-99.174461",,19.387526,-99.174461
10/04/2025 08:26,54," 19.387526,-99.174461",,19.387526,-99.174461
10/04/2025 08:26,54," 19.387405,-99.174576",,19.387405,-99.174576
10/04/2025 08:26,55," 19.387304,-99.174667",,19.387304,-99.174667
10/04/2025 08:27,55," 19.387068,-99.174706",,19.387068,-99.174706
10/04/2025 08:27,56," 19.386923,-99.174721",,19.386923,-99.174721
10/04/2025 08:27,55," 19.386923,-99.174721",,19.386923,-99.174721
10/04/2025 08:27,55," 19.386852,-99.174721",,19.386852,-99.174721
10/04/2025 08:27,55," 19.386801,-99.174736",,19.386801,-99.174736
10/04/2025 08:27,56," 19.386717,-99.174751",,19.386717,-99.174751
10/04/2025 08:27,56," 19.386631,-99.174774",,19.386631,-99.174774
10/04/2025 08:28,56," 19.386532,-99.174828",,19.386532,-99.174828
10/04/2025 08:28,56," 19.386410,-99.174881",,19.38641,-99.174881
10/04/2025 08:28,72," 19.386305,-99.174965",,19.386305,-99.174965
10/04/2025 08:28,97," 19.386282,-99.175011",,19.386282,-99.175011
10/04/2025 08:28,88," 19.386196,-99.175095",,19.386196,-99.175095
10/04/2025 08:28,74," 19.386095,-99.175125",,19.386095,-99.175125
10/04/2025 08:28,70," 19.386065,-99.175117",,19.386065,-99.175117
10/04/2025 08:28,71," 19.386065,-99.175117",,19.386065,-99.175117
10/04/2025 08:29,70," 19.386076,-99.175102",,19.386076,-99.175102
10/04/2025 08:29,65," 19.386076,-99.175102",,19.386076,-99.175102
10/04/2025 08:29,62," 19.386076,-99.175102",,19.386076,-99.175102
10/04/2025 08:29,63," 19.386084,-99.175087",,19.386084,-99.175087
10/04/2025 08:29,64," 19.386084,-99.175087",,19.386084,-99.175087
10/04/2025 08:29,63," 19.386007,-99.175102",,19.386007,-99.175102
10/04/2025 08:29,61," 19.385916,-99.175163",,19.385916,-99.175163
10/04/2025 08:30,59," 19.385916,-99.175163",,19.385916,-99.175163
10/04/2025 08:30,57," 19.385927,-99.175171",,19.385927,-99.175171
10/04/2025 08:30,57," 19.385927,-99.175171",,19.385927,-99.175171
10/04/2025 08:30,57," 19.385916,-99.175179",,19.385916,-99.175179
10/04/2025 08:30,58," 19.385916,-99.175179",,19.385916,-99.175179
10/04/2025 08:30,58," 19.385870,-99.175209",,19.38587,-99.175209
10/04/2025 08:30,58," 19.385803,-99.175209",,19.385803,-99.175209
10/04/2025 08:30,56," 19.385759,-99.175209",,19.385759,-99.175209
10/04/2025 08:31,55," 19.385706,-99.175217",,19.385706,-99.175217
10/04/2025 08:31,54," 19.385588,-99.175255",,19.385588,-99.175255
10/04/2025 08:31,54," 19.385588,-99.175255",,19.385588,-99.175255
10/04/2025 08:31,55," 19.385309,-99.175331",,19.385309,-99.175331
10/04/2025 08:31,54," 19.385309,-99.175331",,19.385309,-99.175331
10/04/2025 08:31,54," 19.385122,-99.175407",,19.385122,-99.175407
10/04/2025 08:32,54," 19.385105,-99.175392",,19.385105,-99.175392
10/04/2025 08:32,54," 19.385010,-99.175400",,19.38501,-99.1754
10/04/2025 08:32,54," 19.384905,-99.175423",,19.384905,-99.175423
10/04/2025 08:32,54," 19.384905,-99.175423",,19.384905,-99.175423
10/04/2025 08:32,55," 19.384825,-99.175415",,19.384825,-99.175415
10/04/2025 08:32,54," 19.384825,-99.175415",,19.384825,-99.175415
10/04/2025 08:32,54," 19.384550,-99.175529",,19.38455,-99.175529
10/04/2025 08:33,54," 19.384462,-99.175529",,19.384462,-99.175529
10/04/2025 08:33,55," 19.384344,-99.175575",,19.384344,-99.175575
10/04/2025 08:33,55," 19.384264,-99.175682",,19.384264,-99.175682
10/04/2025 08:33,102," 19.384285,-99.175735",,19.384285,-99.175735
10/04/2025 08:33,118," 19.384319,-99.175728",,19.384319,-99.175728
10/04/2025 08:33,91," 19.384293,-99.175720",,19.384293,-99.17572
10/04/2025 08:33,74," 19.384180,-99.175766",,19.38418,-99.175766
10/04/2025 08:33,65," 19.384180,-99.175766",,19.38418,-99.175766
10/04/2025 08:34,63," 19.383852,-99.175827",,19.383852,-99.175827
10/04/2025 08:34,62," 19.383734,-99.175850",,19.383734,-99.17585
10/04/2025 08:34,61," 19.383656,-99.175858",,19.383656,-99.175858
10/04/2025 08:34,60," 19.383585,-99.175888",,19.383585,-99.175888
10/04/2025 08:34,60," 19.383484,-99.175911",,19.383484,-99.175911
10/04/2025 08:34,60," 19.383440,-99.175957",,19.38344,-99.175957
10/04/2025 08:34,60," 19.383356,-99.176003",,19.383356,-99.176003
10/04/2025 08:35,59," 19.383242,-99.176064",,19.383242,-99.176064
10/04/2025 08:35,57," 19.383139,-99.176102",,19.383139,-99.176102
10/04/2025 08:35,58," 19.383051,-99.176125",,19.383051,-99.176125
10/04/2025 08:35,62," 19.383038,-99.176094",,19.383038,-99.176094
10/04/2025 08:35,59," 19.383038,-99.176094",,19.383038,-99.176094
10/04/2025 08:35,59," 19.383038,-99.176094",,19.383038,-99.176094
10/04/2025 08:35,58," 19.383022,-99.176102",,19.383022,-99.176102
10/04/2025 08:36,56," 19.383022,-99.176102",,19.383022,-99.176102
10/04/2025 08:36,54," 19.383022,-99.176102",,19.383022,-99.176102
10/04/2025 08:36,54," 19.382919,-99.176147",,19.382919,-99.176147
10/04/2025 08:36,55," 19.382837,-99.176170",,19.382837,-99.17617
10/04/2025 08:36,58," 19.382837,-99.176170",,19.382837,-99.17617
10/04/2025 08:36,57," 19.382826,-99.176163",,19.382826,-99.176163
10/04/2025 08:36,54," 19.382826,-99.176163",,19.382826,-99.176163
10/04/2025 08:36,50," 19.382826,-99.176163",,19.382826,-99.176163
10/04/2025 08:37,50," 19.382826,-99.176163",,19.382826,-99.176163
10/04/2025 08:37,49," 19.382826,-99.176163",,19.382826,-99.176163
10/04/2025 08:37,49," 19.382826,-99.176163",,19.382826,-99.176163
10/04/2025 08:37,51," 19.382826,-99.176163",,19.382826,-99.176163
10/04/2025 08:37,49," 19.382826,-99.176163",,19.382826,-99.176163
10/04/2025 08:37,41," 19.382807,-99.176170",,19.382807,-99.17617
10/04/2025 08:37,42," 19.382715,-99.176193",,19.382715,-99.176193
10/04/2025 08:38,46," 19.382624,-99.176239",,19.382624,-99.176239
10/04/2025 08:38,50," 19.382511,-99.176285",,19.382511,-99.176285
10/04/2025 08:38,52," 19.382383,-99.176308",,19.382383,-99.176308
10/04/2025 08:38,53," 19.382175,-99.176361",,19.382175,-99.176361
10/04/2025 08:38,53," 19.382093,-99.176376",,19.382093,-99.176376
10/04/2025 08:38,54," 19.382044,-99.176422",,19.382044,-99.176422
10/04/2025 08:38,56," 19.381981,-99.176445",,19.381981,-99.176445
10/04/2025 08:39,56," 19.381937,-99.176460",,19.381937,-99.17646
10/04/2025 08:39,55," 19.381907,-99.176468",,19.381907,-99.176468
10/04/2025 08:39,56," 19.381798,-99.176567",,19.381798,-99.176567
10/04/2025 08:39,54," 19.381718,-99.176605",,19.381718,-99.176605
10/04/2025 08:39,54," 19.381706,-99.176666",,19.381706,-99.176666
10/04/2025 08:39,54," 19.381668,-99.176682",,19.381668,-99.176682
10/04/2025 08:39,54," 19.381578,-99.176674",,19.381578,-99.176674
10/04/2025 08:40,54," 19.381483,-99.176643",,19.381483,-99.176643
10/04/2025 08:40,54," 19.381386,-99.176636",,19.381386,-99.176636
10/04/2025 08:40,54," 19.381229,-99.176682",,19.381229,-99.176682
10/04/2025 08:40,54," 19.381067,-99.176659",,19.381067,-99.176659
10/04/2025 08:40,54," 19.380920,-99.176682",,19.38092,-99.176682
10/04/2025 08:40,54," 19.380821,-99.176651",,19.380821,-99.176651
10/04/2025 08:40,56," 19.380714,-99.176628",,19.380714,-99.176628
10/04/2025 08:40,58," 19.380596,-99.176559",,19.380596,-99.176559
10/04/2025 08:41,58," 19.380507,-99.176468",,19.380507,-99.176468
10/04/2025 08:41,58," 19.380507,-99.176468",,19.380507,-99.176468
10/04/2025 08:41,61," 19.380358,-99.176407",,19.380358,-99.176407
10/04/2025 08:41,62," 19.380226,-99.176521",,19.380226,-99.176521
10/04/2025 08:41,58," 19.380085,-99.176628",,19.380085,-99.176628
10/04/2025 08:41,57," 19.380085,-99.176628",,19.380085,-99.176628
10/04/2025 08:41,56," 19.379993,-99.176865",,19.379993,-99.176865
10/04/2025 08:42,55," 19.379999,-99.176880",,19.379999,-99.17688
10/04/2025 08:42,55," 19.379999,-99.176880",,19.379999,-99.17688
10/04/2025 08:42,55," 19.379999,-99.176880",,19.379999,-99.17688
10/04/2025 08:42,56," 19.380016,-99.176910",,19.380016,-99.17691
10/04/2025 08:42,56," 19.380003,-99.176941",,19.380003,-99.176941
10/04/2025 08:42,57," 19.380005,-99.176956",,19.380005,-99.176956
10/04/2025 08:42,56," 19.380016,-99.176964",,19.380016,-99.176964
10/04/2025 08:43,57," 19.380016,-99.176964",,19.380016,-99.176964
10/04/2025 08:43,59," 19.380016,-99.176964",,19.380016,-99.176964
10/04/2025 08:43,58," 19.380020,-99.176979",,19.38002,-99.176979
10/04/2025 08:43,57," 19.380022,-99.176994",,19.380022,-99.176994
10/04/2025 08:43,58," 19.379972,-99.177010",,19.379972,-99.17701
10/04/2025 08:43,56," 19.379913,-99.177086",,19.379913,-99.177086
10/04/2025 08:43,55," 19.379892,-99.177139",,19.379892,-99.177139
10/04/2025 08:43,56," 19.379915,-99.177109",,19.379915,-99.177109
10/04/2025 08:44,57," 19.379936,-99.177116",,19.379936,-99.177116
10/04/2025 08:44,58," 19.379936,-99.177116",,19.379936,-99.177116
10/04/2025 08:44,59," 19.379936,-99.177116",,19.379936,-99.177116
10/04/2025 08:44,57," 19.379971,-99.177139",,19.379971,-99.177139
10/04/2025 08:44,57," 19.379986,-99.177132",,19.379986,-99.177132
10/04/2025 08:44,56," 19.379955,-99.177147",,19.379955,-99.177147
10/04/2025 08:44,56," 19.379955,-99.177147",,19.379955,-99.177147
10/04/2025 08:45,56," 19.379761,-99.177216",,19.379761,-99.177216
10/04/2025 08:45,56," 19.379671,-99.177254",,19.379671,-99.177254
10/04/2025 08:45,57," 19.379581,-99.177284",,19.379581,-99.177284
10/04/2025 08:45,59," 19.379471,-99.177299",,19.379471,-99.177299
10/04/2025 08:45,63," 19.379366,-99.177338",,19.379366,-99.177338
10/04/2025 08:45,66," 19.379253,-99.177368",,19.379253,-99.177368
10/04/2025 08:45,72," 19.379156,-99.177399",,19.379156,-99.177399
10/04/2025 08:45,73," 19.379082,-99.177429",,19.379082,-99.177429
10/04/2025 08:46,71," 19.378948,-99.177475",,19.378948,-99.177475
10/04/2025 08:46,68," 19.378839,-99.177513",,19.378839,-99.177513
10/04/2025 08:46,65," 19.378736,-99.177536",,19.378736,-99.177536
10/04/2025 08:46,62," 19.378620,-99.177574",,19.37862,-99.177574
10/04/2025 08:46,60," 19.378529,-99.177605",,19.378529,-99.177605
10/04/2025 08:46,59," 19.378429,-99.177635",,19.378429,-99.177635
10/04/2025 08:46,59," 19.378429,-99.177635",,19.378429,-99.177635
10/04/2025 08:47,58," 19.378222,-99.177673",,19.378222,-99.177673
10/04/2025 08:47,58," 19.378101,-99.177727",,19.378101,-99.177727
10/04/2025 08:47,58," 19.378101,-99.177727",,19.378101,-99.177727
10/04/2025 08:47,56," 19.378101,-99.177727",,19.378101,-99.177727
10/04/2025 08:48,57," 19.378101,-99.177727",,19.378101,-99.177727
10/04/2025 08:48,59," 19.378101,-99.177727",,19.378101,-99.177727
10/04/2025 08:48,58," 19.377251,-99.177994",,19.377251,-99.177994
10/04/2025 08:48,60," 19.377140,-99.178032",,19.37714,-99.178032
10/04/2025 08:48,65," 19.377031,-99.178070",,19.377031,-99.17807
10/04/2025 08:48,71," 19.376921,-99.178085",,19.376921,-99.178085
10/04/2025 08:49,72," 19.376921,-99.178085",,19.376921,-99.178085
10/04/2025 08:49,69," 19.376717,-99.178169",,19.376717,-99.178169
10/04/2025 08:49,64," 19.376682,-99.178162",,19.376682,-99.178162
10/04/2025 08:49,60," 19.376652,-99.178169",,19.376652,-99.178169
10/04/2025 08:49,58," 19.376657,-99.178185",,19.376657,-99.178185
10/04/2025 08:49,60," 19.376682,-99.178215",,19.376682,-99.178215
10/04/2025 08:49,63," 19.376682,-99.178192",,19.376682,-99.178192
10/04/2025 08:50,63," 19.376682,-99.178192",,19.376682,-99.178192
10/04/2025 08:50,65," 19.376682,-99.178192",,19.376682,-99.178192
10/04/2025 08:50,65," 19.376669,-99.178185",,19.376669,-99.178185
10/04/2025 08:50,66," 19.376629,-99.178200",,19.376629,-99.1782
10/04/2025 08:50,68," 19.376629,-99.178200",,19.376629,-99.1782
10/04/2025 08:50,66," 19.376629,-99.178200",,19.376629,-99.1782
10/04/2025 08:50,66," 19.376598,-99.178207",,19.376598,-99.178207
10/04/2025 08:50,65," 19.376583,-99.178223",,19.376583,-99.178223
10/04/2025 08:51,64," 19.376554,-99.178246",,19.376554,-99.178246
10/04/2025 08:51,62," 19.376554,-99.178246",,19.376554,-99.178246
10/04/2025 08:51,62," 19.376543,-99.178261",,19.376543,-99.178261
10/04/2025 08:51,63," 19.376543,-99.178261",,19.376543,-99.178261
10/04/2025 08:51,61," 19.376423,-99.178307",,19.376423,-99.178307
10/04/2025 08:51,61," 19.376339,-99.178314",,19.376339,-99.178314
10/04/2025 08:51,61," 19.376257,-99.178329",,19.376257,-99.178329
10/04/2025 08:52,61," 19.376198,-99.178329",,19.376198,-99.178329
10/04/2025 08:52,61," 19.376112,-99.178352",,19.376112,-99.178352
10/04/2025 08:52,62," 19.376034,-99.178375",,19.376034,-99.178375
10/04/2025 08:52,61," 19.375959,-99.178383",,19.375959,-99.178383
10/04/2025 08:52,60," 19.375906,-99.178375",,19.375906,-99.178375
10/04/2025 08:52,58," 19.375809,-99.178429",,19.375809,-99.178429
10/04/2025 08:52,58," 19.375690,-99.178497",,19.37569,-99.178497
10/04/2025 08:52,57," 19.375620,-99.178535",,19.37562,-99.178535
10/04/2025 08:53,56," 19.375547,-99.178551",,19.375547,-99.178551
10/04/2025 08:53,57," 19.375460,-99.178581",,19.37546,-99.178581
10/04/2025 08:53,58," 19.375412,-99.178589",,19.375412,-99.178589
10/04/2025 08:53,59," 19.375412,-99.178589",,19.375412,-99.178589
10/04/2025 08:53,60," 19.375177,-99.178627",,19.375177,-99.178627
10/04/2025 08:53,58," 19.375132,-99.178650",,19.375132,-99.17865
10/04/2025 08:53,57," 19.375019,-99.178673",,19.375019,-99.178673
10/04/2025 08:54,64," 19.374840,-99.178741",,19.37484,-99.178741
10/04/2025 08:54,61," 19.374718,-99.178833",,19.374718,-99.178833
10/04/2025 08:54,58," 19.374718,-99.178833",,19.374718,-99.178833
10/04/2025 08:54,56," 19.374668,-99.178772",,19.374668,-99.178772
10/04/2025 08:54,56," 19.374638,-99.178749",,19.374638,-99.178749
10/04/2025 08:54,58," 19.374552,-99.178780",,19.374552,-99.17878
10/04/2025 08:54,60," 19.374426,-99.178825",,19.374426,-99.178825
10/04/2025 08:55,58," 19.374332,-99.178879",,19.374332,-99.178879
10/04/2025 08:55,58," 19.374222,-99.178947",,19.374222,-99.178947
10/04/2025 08:55,59," 19.374102,-99.179001",,19.374102,-99.179001
10/04/2025 08:55,60," 19.374102,-99.179001",,19.374102,-99.179001
10/04/2025 08:55,58," 19.374020,-99.179047",,19.37402,-99.179047
10/04/2025 08:55,58," 19.374020,-99.179047",,19.37402,-99.179047
10/04/2025 08:55,57," 19.374020,-99.179047",,19.37402,-99.179047
10/04/2025 08:56,57," 19.374006,-99.179031",,19.374006,-99.179031
10/04/2025 08:56,58," 19.374006,-99.179031",,19.374006,-99.179031
10/04/2025 08:56,59," 19.374006,-99.179031",,19.374006,-99.179031
10/04/2025 08:56,59," 19.373997,-99.178986",,19.373997,-99.178986
10/04/2025 08:56,59," 19.373970,-99.178932",,19.37397,-99.178932
10/04/2025 08:56,60," 19.373943,-99.178940",,19.373943,-99.17894
10/04/2025 08:56,67," 19.373894,-99.178978",,19.373894,-99.178978
10/04/2025 08:56,66," 19.373890,-99.178986",,19.37389,-99.178986
10/04/2025 08:57,62," 19.373890,-99.178986",,19.37389,-99.178986
10/04/2025 08:57,61," 19.373890,-99.178986",,19.37389,-99.178986
10/04/2025 08:57,60," 19.373890,-99.178986",,19.37389,-99.178986
10/04/2025 08:57,59," 19.373890,-99.178986",,19.37389,-99.178986
10/04/2025 08:57,59," 19.373890,-99.178986",,19.37389,-99.178986
10/04/2025 08:57,60," 19.373890,-99.178986",,19.37389,-99.178986
10/04/2025 08:57,58," 19.373890,-99.178986",,19.37389,-99.178986
10/04/2025 08:58,57," 19.373875,-99.178986",,19.373875,-99.178986
10/04/2025 08:58,58," 19.373875,-99.178986",,19.373875,-99.178986
10/04/2025 08:58,59," 19.373875,-99.178986",,19.373875,-99.178986
10/04/2025 08:58,59," 19.373867,-99.178932",,19.373867,-99.178932
10/04/2025 08:58,59," 19.373909,-99.178864",,19.373909,-99.178864
10/04/2025 08:58,60," 19.373907,-99.178894",,19.373907,-99.178894
10/04/2025 08:58,59," 19.373907,-99.178894",,19.373907,-99.178894
10/04/2025 08:58,59," 19.373901,-99.178917",,19.373901,-99.178917
10/04/2025 08:59,59," 19.373892,-99.178932",,19.373892,-99.178932
10/04/2025 08:59,59," 19.373882,-99.178955",,19.373882,-99.178955
10/04/2025 08:59,62," 19.373882,-99.178955",,19.373882,-99.178955
10/04/2025 08:59,62," 19.373854,-99.179047",,19.373854,-99.179047
10/04/2025 08:59,64," 19.373880,-99.179047",,19.37388,-99.179047
10/04/2025 08:59,64," 19.373943,-99.179016",,19.373943,-99.179016
10/04/2025 08:59,64," 19.374128,-99.178925",,19.374128,-99.178925
10/04/2025 09:00,65," 19.374128,-99.178925",,19.374128,-99.178925
10/04/2025 09:00,62," 19.374416,-99.178894",,19.374416,-99.178894
10/04/2025 09:00,60," 19.374519,-99.178864",,19.374519,-99.178864
10/04/2025 09:00,56," 19.374563,-99.178741",,19.374563,-99.178741
10/04/2025 09:00,52," 19.374678,-99.178665",,19.374678,-99.178665
10/04/2025 09:00,52," 19.374775,-99.178581",,19.374775,-99.178581
10/04/2025 09:00,52," 19.374895,-99.178490",,19.374895,-99.17849
10/04/2025 09:01,53," 19.374990,-99.178429",,19.37499,-99.178429
10/04/2025 09:01,54," 19.375074,-99.178391",,19.375074,-99.178391
10/04/2025 09:01,54," 19.375143,-99.178391",,19.375143,-99.178391
10/04/2025 09:01,55," 19.375242,-99.178406",,19.375242,-99.178406
10/04/2025 09:01,55," 19.375324,-99.178406",,19.375324,-99.178406
10/04/2025 09:01,57," 19.375452,-99.178352",,19.375452,-99.178352
10/04/2025 09:01,59," 19.375532,-99.178345",,19.375532,-99.178345
10/04/2025 09:02,58," 19.375612,-99.178299",,19.375612,-99.178299
10/04/2025 09:02,57," 19.375710,-99.178246",,19.37571,-99.178246
10/04/2025 09:02,57," 19.375832,-99.178223",,19.375832,-99.178223
10/04/2025 09:02,57," 19.375937,-99.178162",,19.375937,-99.178162
10/04/2025 09:02,58," 19.376024,-99.178139",,19.376024,-99.178139
10/04/2025 09:02,59," 19.376095,-99.178131",,19.376095,-99.178131
10/04/2025 09:02,59," 19.376186,-99.178139",,19.376186,-99.178139
10/04/2025 09:03,59," 19.376293,-99.178123",,19.376293,-99.178123
10/04/2025 09:03,58," 19.376293,-99.178123",,19.376293,-99.178123
10/04/2025 09:03,58," 19.376534,-99.178040",,19.376534,-99.17804
10/04/2025 09:03,59," 19.376581,-99.178009",,19.376581,-99.178009
10/04/2025 09:03,59," 19.376595,-99.178001",,19.376595,-99.178001
10/04/2025 09:03,59," 19.376595,-99.178001",,19.376595,-99.178001
10/04/2025 09:03,59," 19.376587,-99.177986",,19.376587,-99.177986
10/04/2025 09:04,59," 19.376587,-99.177986",,19.376587,-99.177986
10/04/2025 09:04,61," 19.376587,-99.177986",,19.376587,-99.177986
10/04/2025 09:04,61," 19.376587,-99.177986",,19.376587,-99.177986
10/04/2025 09:04,58," 19.376587,-99.177986",,19.376587,-99.177986
10/04/2025 09:04,59," 19.376654,-99.177956",,19.376654,-99.177956
10/04/2025 09:04,58," 19.376654,-99.177956",,19.376654,-99.177956
10/04/2025 09:04,57," 19.376654,-99.177956",,19.376654,-99.177956
10/04/2025 09:05,55," 19.376654,-99.177956",,19.376654,-99.177956
10/04/2025 09:05,54," 19.376654,-99.177956",,19.376654,-99.177956
10/04/2025 09:05,54," 19.376814,-99.177895",,19.376814,-99.177895
10/04/2025 09:05,55," 19.376892,-99.177856",,19.376892,-99.177856
10/04/2025 09:05,56," 19.377001,-99.177834",,19.377001,-99.177834
10/04/2025 09:05,57," 19.377068,-99.177795",,19.377068,-99.177795
10/04/2025 09:05,58," 19.377155,-99.177765",,19.377155,-99.177765
10/04/2025 09:06,60," 19.377239,-99.177750",,19.377239,-99.17775
10/04/2025 09:06,63," 19.377239,-99.177750",,19.377239,-99.17775
10/04/2025 09:06,65," 19.377510,-99.177696",,19.37751,-99.177696
10/04/2025 09:06,64," 19.377617,-99.177673",,19.377617,-99.177673
10/04/2025 09:06,63," 19.377617,-99.177673",,19.377617,-99.177673
10/04/2025 09:06,61," 19.377819,-99.177605",,19.377819,-99.177605
10/04/2025 09:06,60," 19.377819,-99.177605",,19.377819,-99.177605
10/04/2025 09:07,60," 19.378052,-99.177597",,19.378052,-99.177597
10/04/2025 09:07,60," 19.378139,-99.177582",,19.378139,-99.177582
10/04/2025 09:07,61," 19.378139,-99.177582",,19.378139,-99.177582
10/04/2025 09:07,61," 19.378323,-99.177528",,19.378323,-99.177528
10/04/2025 09:07,63," 19.378431,-99.177483",,19.378431,-99.177483
10/04/2025 09:07,63," 19.378531,-99.177444",,19.378531,-99.177444
10/04/2025 09:07,63," 19.378626,-99.177414",,19.378626,-99.177414
10/04/2025 09:08,62," 19.378695,-99.177376",,19.378695,-99.177376
10/04/2025 09:08,61," 19.378761,-99.177307",,19.378761,-99.177307
10/04/2025 09:08,56," 19.378880,-99.177223",,19.37888,-99.177223
10/04/2025 09:08,57," 19.378954,-99.177162",,19.378954,-99.177162
10/04/2025 09:08,58," 19.379030,-99.177124",,19.37903,-99.177124
10/04/2025 09:08,54," 19.379105,-99.177086",,19.379105,-99.177086
10/04/2025 09:08,54," 19.379105,-99.177086",,19.379105,-99.177086
10/04/2025 09:09,56," 19.379105,-99.177086",,19.379105,-99.177086
10/04/2025 09:09,57," 19.379452,-99.177025",,19.379452,-99.177025
10/04/2025 09:09,58," 19.379536,-99.177002",,19.379536,-99.177002
10/04/2025 09:09,60," 19.379623,-99.176994",,19.379623,-99.176994
10/04/2025 09:09,66," 19.379702,-99.176979",,19.379702,-99.176979
10/04/2025 09:09,66," 19.379782,-99.176971",,19.379782,-99.176971
10/04/2025 09:09,65," 19.379877,-99.176941",,19.379877,-99.176941
10/04/2025 09:09,63," 19.379877,-99.176941",,19.379877,-99.176941
10/04/2025 09:10,60," 19.380072,-99.176842",,19.380072,-99.176842
10/04/2025 09:10,58," 19.380093,-99.176811",,19.380093,-99.176811
10/04/2025 09:10,58," 19.380093,-99.176811",,19.380093,-99.176811
10/04/2025 09:10,57," 19.380093,-99.176811",,19.380093,-99.176811
10/04/2025 09:10,60," 19.380093,-99.176811",,19.380093,-99.176811
10/04/2025 09:10,62," 19.380093,-99.176811",,19.380093,-99.176811
10/04/2025 09:10,59," 19.380093,-99.176811",,19.380093,-99.176811
10/04/2025 09:11,64," 19.380093,-99.176811",,19.380093,-99.176811
10/04/2025 09:11,63," 19.380093,-99.176811",,19.380093,-99.176811
10/04/2025 09:11,63," 19.380093,-99.176811",,19.380093,-99.176811
10/04/2025 09:11,62," 19.380093,-99.176811",,19.380093,-99.176811
10/04/2025 09:11,55," 19.380178,-99.176796",,19.380178,-99.176796
10/04/2025 09:11,53," 19.380222,-99.176788",,19.380222,-99.176788
10/04/2025 09:11,54," 19.380234,-99.176758",,19.380234,-99.176758
10/04/2025 09:12,55," 19.380177,-99.176788",,19.380177,-99.176788
10/04/2025 09:12,55," 19.380148,-99.176788",,19.380148,-99.176788
10/04/2025 09:12,55," 19.380148,-99.176788",,19.380148,-99.176788
10/04/2025 09:12,57," 19.380211,-99.176796",,19.380211,-99.176796
10/04/2025 09:12,58," 19.380421,-99.176804",,19.380421,-99.176804
10/04/2025 09:12,57," 19.380535,-99.176720",,19.380535,-99.17672
10/04/2025 09:12,56," 19.380617,-99.176727",,19.380617,-99.176727
10/04/2025 09:13,56," 19.380762,-99.176773",,19.380762,-99.176773
10/04/2025 09:13,56," 19.380863,-99.176758",,19.380863,-99.176758
10/04/2025 09:13,56," 19.380955,-99.176750",,19.380955,-99.17675
10/04/2025 09:13,57," 19.381065,-99.176758",,19.381065,-99.176758
10/04/2025 09:13,56," 19.381163,-99.176758",,19.381163,-99.176758
10/04/2025 09:13,56," 19.381163,-99.176758",,19.381163,-99.176758
10/04/2025 09:13,57," 19.381386,-99.176712",,19.381386,-99.176712
10/04/2025 09:14,57," 19.381510,-99.176704",,19.38151,-99.176704
10/04/2025 09:14,57," 19.381506,-99.176613",,19.381506,-99.176613
10/04/2025 09:14,57," 19.381670,-99.176514",,19.38167,-99.176514
10/04/2025 09:14,58," 19.381670,-99.176514",,19.38167,-99.176514
10/04/2025 09:14,61," 19.381910,-99.176384",,19.38191,-99.176384
10/04/2025 09:14,61," 19.382006,-99.176338",,19.382006,-99.176338
10/04/2025 09:14,60," 19.382141,-99.176254",,19.382141,-99.176254
10/04/2025 09:15,61," 19.382244,-99.176193",,19.382244,-99.176193
10/04/2025 09:15,60," 19.382244,-99.176193",,19.382244,-99.176193
10/04/2025 09:15,62," 19.382544,-99.176125",,19.382544,-99.176125
10/04/2025 09:15,66," 19.382544,-99.176125",,19.382544,-99.176125
10/04/2025 09:15,64," 19.382544,-99.176125",,19.382544,-99.176125
10/04/2025 09:15,61," 19.382898,-99.175957",,19.382898,-99.175957
10/04/2025 09:16,61," 19.382952,-99.175896",,19.382952,-99.175896
10/04/2025 09:16,60," 19.383041,-99.175888",,19.383041,-99.175888
10/04/2025 09:16,60," 19.383142,-99.175865",,19.383142,-99.175865
10/04/2025 09:16,59," 19.383186,-99.175812",,19.383186,-99.175812
10/04/2025 09:16,69," 19.383196,-99.175804",,19.383196,-99.175804
10/04/2025 09:16,63," 19.383190,-99.175819",,19.38319,-99.175819
10/04/2025 09:16,59," 19.383190,-99.175819",,19.38319,-99.175819
10/04/2025 09:17,58," 19.383224,-99.175812",,19.383224,-99.175812
10/04/2025 09:17,61," 19.383224,-99.175812",,19.383224,-99.175812
10/04/2025 09:17,61," 19.383224,-99.175812",,19.383224,-99.175812
10/04/2025 09:17,63," 19.383238,-99.175819",,19.383238,-99.175819
10/04/2025 09:17,64," 19.383261,-99.175842",,19.383261,-99.175842
10/04/2025 09:17,62," 19.383343,-99.175789",,19.383343,-99.175789
10/04/2025 09:17,61," 19.383411,-99.175797",,19.383411,-99.175797
10/04/2025 09:17,63," 19.383411,-99.175797",,19.383411,-99.175797
10/04/2025 09:18,63," 19.383402,-99.175781",,19.383402,-99.175781
10/04/2025 09:18,62," 19.383402,-99.175781",,19.383402,-99.175781
10/04/2025 09:18,61," 19.383413,-99.175781",,19.383413,-99.175781
10/04/2025 09:18,62," 19.383459,-99.175720",,19.383459,-99.17572
10/04/2025 09:18,66," 19.383551,-99.175674",,19.383551,-99.175674
10/04/2025 09:18,71," 19.383615,-99.175644",,19.383615,-99.175644
10/04/2025 09:18,69," 19.383684,-99.175636",,19.383684,-99.175636
10/04/2025 09:19,65," 19.383684,-99.175636",,19.383684,-99.175636
10/04/2025 09:19,64," 19.383886,-99.175537",,19.383886,-99.175537
10/04/2025 09:19,63," 19.383959,-99.175522",,19.383959,-99.175522
10/04/2025 09:19,64," 19.384050,-99.175484",,19.38405,-99.175484
10/04/2025 09:19,68," 19.384129,-99.175461",,19.384129,-99.175461
10/04/2025 09:19,63," 19.384212,-99.175446",,19.384212,-99.175446
10/04/2025 09:19,59," 19.384212,-99.175446",,19.384212,-99.175446
10/04/2025 09:19,61," 19.384212,-99.175446",,19.384212,-99.175446
10/04/2025 09:20,58," 19.384306,-99.175446",,19.384306,-99.175446
10/04/2025 09:20,53," 19.384382,-99.175415",,19.384382,-99.175415
10/04/2025 09:20,51," 19.384472,-99.175385",,19.384472,-99.175385
10/04/2025 09:20,46," 19.384565,-99.175362",,19.384565,-99.175362
10/04/2025 09:20,46," 19.384659,-99.175308",,19.384659,-99.175308
10/04/2025 09:20,48," 19.384752,-99.175278",,19.384752,-99.175278
10/04/2025 09:20,50," 19.384821,-99.175278",,19.384821,-99.175278
10/04/2025 09:20,55," 19.384916,-99.175240",,19.384916,-99.17524
10/04/2025 09:21,64," 19.385036,-99.175209",,19.385036,-99.175209
10/04/2025 09:21,62," 19.385149,-99.175171",,19.385149,-99.175171
10/04/2025 09:21,57," 19.385212,-99.175171",,19.385212,-99.175171
10/04/2025 09:21,51," 19.385281,-99.175163",,19.385281,-99.175163
10/04/2025 09:21,48," 19.385347,-99.175125",,19.385347,-99.175125
10/04/2025 09:21,48," 19.385460,-99.175095",,19.38546,-99.175095
10/04/2025 09:21,48," 19.385599,-99.175026",,19.385599,-99.175026
10/04/2025 09:22,48," 19.385719,-99.174980",,19.385719,-99.17498
10/04/2025 09:22,52," 19.385811,-99.174934",,19.385811,-99.174934
10/04/2025 09:22,55," 19.385862,-99.174919",,19.385862,-99.174919
10/04/2025 09:22,59," 19.385862,-99.174919",,19.385862,-99.174919
10/04/2025 09:22,61," 19.386065,-99.174866",,19.386065,-99.174866
10/04/2025 09:22,61," 19.386065,-99.174866",,19.386065,-99.174866
10/04/2025 09:23,56," 19.386065,-99.174866",,19.386065,-99.174866
10/04/2025 09:23,55," 19.386065,-99.174866",,19.386065,-99.174866
10/04/2025 09:23,56," 19.386065,-99.174866",,19.386065,-99.174866
10/04/2025 09:23,55," 19.386065,-99.174866",,19.386065,-99.174866
10/04/2025 09:23,53," 19.386097,-99.174850",,19.386097,-99.17485
10/04/2025 09:23,60," 19.386097,-99.174850",,19.386097,-99.17485
10/04/2025 09:23,60," 19.386234,-99.174820",,19.386234,-99.17482
10/04/2025 09:24,57," 19.386251,-99.174820",,19.386251,-99.17482
10/04/2025 09:24,54," 19.386253,-99.174789",,19.386253,-99.174789
10/04/2025 09:24,52," 19.386253,-99.174789",,19.386253,-99.174789
10/04/2025 09:24,53," 19.386417,-99.174736",,19.386417,-99.174736
10/04/2025 09:24,53," 19.386433,-99.174736",,19.386433,-99.174736
10/04/2025 09:24,51," 19.386501,-99.174728",,19.386501,-99.174728
10/04/2025 09:25,51," 19.386608,-99.174690",,19.386608,-99.17469
10/04/2025 09:25,50," 19.386723,-99.174667",,19.386723,-99.174667
10/04/2025 09:25,51," 19.386860,-99.174644",,19.38686,-99.174644
10/04/2025 09:25,53," 19.386955,-99.174614",,19.386955,-99.174614
10/04/2025 09:25,54," 19.387020,-99.174606",,19.38702,-99.174606
10/04/2025 09:25,58," 19.387152,-99.174561",,19.387152,-99.174561
10/04/2025 09:25,61," 19.387299,-99.174515",,19.387299,-99.174515
10/04/2025 09:26,65," 19.387299,-99.174515",,19.387299,-99.174515
10/04/2025 09:26,64," 19.387518,-99.174423",,19.387518,-99.174423
10/04/2025 09:26,64," 19.387609,-99.174408",,19.387609,-99.174408
10/04/2025 09:26,64," 19.387793,-99.174553",,19.387793,-99.174553
10/04/2025 09:26,64," 19.388008,-99.174561",,19.388008,-99.174561
10/04/2025 09:26,63," 19.388136,-99.174515",,19.388136,-99.174515
10/04/2025 09:26,58," 19.388224,-99.174469",,19.388224,-99.174469
10/04/2025 09:27,58," 19.388224,-99.174469",,19.388224,-99.174469
10/04/2025 09:27,55," 19.388224,-99.174469",,19.388224,-99.174469
10/04/2025 09:27,53," 19.388529,-99.174080",,19.388529,-99.17408
10/04/2025 09:27,54," 19.388624,-99.174019",,19.388624,-99.174019
10/04/2025 09:27,54," 19.388767,-99.174057",,19.388767,-99.174057
10/04/2025 09:27,54," 19.388880,-99.174065",,19.38888,-99.174065
10/04/2025 09:28,54," 19.388964,-99.174049",,19.388964,-99.174049
10/04/2025 09:28,55," 19.389048,-99.174019",,19.389048,-99.174019
10/04/2025 09:28,56," 19.389109,-99.174004",,19.389109,-99.174004
10/04/2025 09:28,57," 19.389244,-99.173965",,19.389244,-99.173965
10/04/2025 09:28,56," 19.389244,-99.173965",,19.389244,-99.173965
10/04/2025 09:28,57," 19.389442,-99.173965",,19.389442,-99.173965
10/04/2025 09:28,57," 19.389515,-99.173943",,19.389515,-99.173943
10/04/2025 09:29,58," 19.389585,-99.173882",,19.389585,-99.173882
10/04/2025 09:29,60," 19.389585,-99.173882",,19.389585,-99.173882
10/04/2025 09:29,62," 19.389759,-99.173714",,19.389759,-99.173714
10/04/2025 09:29,65," 19.389839,-99.173706",,19.389839,-99.173706
10/04/2025 09:29,63," 19.389923,-99.173683",,19.389923,-99.173683
10/04/2025 09:29,62," 19.390039,-99.173691",,19.390039,-99.173691
10/04/2025 09:29,60," 19.390121,-99.173660",,19.390121,-99.17366
10/04/2025 09:29,59," 19.390144,-99.173637",,19.390144,-99.173637
10/04/2025 09:30,59," 19.390144,-99.173637",,19.390144,-99.173637
10/04/2025 09:30,60," 19.390127,-99.173645",,19.390127,-99.173645
10/04/2025 09:30,58," 19.390141,-99.173622",,19.390141,-99.173622
10/04/2025 09:30,61," 19.390141,-99.173622",,19.390141,-99.173622
10/04/2025 09:30,62," 19.390141,-99.173622",,19.390141,-99.173622
10/04/2025 09:30,63," 19.390146,-99.173637",,19.390146,-99.173637
10/04/2025 09:30,59," 19.390196,-99.173622",,19.390196,-99.173622
10/04/2025 09:31,58," 19.390221,-99.173630",,19.390221,-99.17363
10/04/2025 09:31,59," 19.390221,-99.173630",,19.390221,-99.17363
10/04/2025 09:31,57," 19.390221,-99.173630",,19.390221,-99.17363
10/04/2025 09:31,56," 19.390221,-99.173630",,19.390221,-99.17363
10/04/2025 09:31,54," 19.390232,-99.173637",,19.390232,-99.173637
10/04/2025 09:31,55," 19.390232,-99.173637",,19.390232,-99.173637
10/04/2025 09:31,54," 19.390406,-99.173584",,19.390406,-99.173584
10/04/2025 09:32,55," 19.390524,-99.173584",,19.390524,-99.173584
10/04/2025 09:32,54," 19.390656,-99.173546",,19.390656,-99.173546
10/04/2025 09:32,52," 19.390778,-99.173462",,19.390778,-99.173462
10/04/2025 09:32,54," 19.390863,-99.173470",,19.390863,-99.17347
10/04/2025 09:32,56," 19.390919,-99.173454",,19.390919,-99.173454
10/04/2025 09:32,57," 19.390930,-99.173424",,19.39093,-99.173424
10/04/2025 09:32,56," 19.391029,-99.173340",,19.391029,-99.17334
10/04/2025 09:33,57," 19.391132,-99.173264",,19.391132,-99.173264
10/04/2025 09:33,56," 19.391220,-99.173218",,19.39122,-99.173218
10/04/2025 09:33,56," 19.391285,-99.173203",,19.391285,-99.173203
10/04/2025 09:33,56," 19.391384,-99.173172",,19.391384,-99.173172
10/04/2025 09:33,59," 19.391489,-99.173141",,19.391489,-99.173141
10/04/2025 09:33,61," 19.391611,-99.173103",,19.391611,-99.173103
10/04/2025 09:33,62," 19.391699,-99.173111",,19.391699,-99.173111
10/04/2025 09:33,64," 19.391775,-99.173080",,19.391775,-99.17308
10/04/2025 09:34,65," 19.391882,-99.173058",,19.391882,-99.173058
10/04/2025 09:34,61," 19.392031,-99.173058",,19.392031,-99.173058
10/04/2025 09:34,58," 19.392120,-99.173042",,19.39212,-99.173042
10/04/2025 09:34,59," 19.392206,-99.172989",,19.392206,-99.172989
10/04/2025 09:34,58," 19.392315,-99.172935",,19.392315,-99.172935
10/04/2025 09:34,58," 19.392395,-99.172867",,19.392395,-99.172867
10/04/2025 09:34,57," 19.392481,-99.172821",,19.392481,-99.172821
10/04/2025 09:35,58," 19.392578,-99.172783",,19.392578,-99.172783
10/04/2025 09:35,63," 19.392666,-99.172752",,19.392666,-99.172752
10/04/2025 09:35,83," 19.392694,-99.172783",,19.392694,-99.172783
10/04/2025 09:35,112," 19.392694,-99.172783",,19.392694,-99.172783
10/04/2025 09:35,100," 19.392710,-99.172791",,19.39271,-99.172791
10/04/2025 09:35,77," 19.392725,-99.172821",,19.392725,-99.172821
10/04/2025 09:35,67," 19.392725,-99.172821",,19.392725,-99.172821
10/04/2025 09:36,62," 19.392725,-99.172821",,19.392725,-99.172821
10/04/2025 09:36,54," 19.392725,-99.172821",,19.392725,-99.172821
10/04/2025 09:36,54," 19.392706,-99.172813",,19.392706,-99.172813
10/04/2025 09:36,54," 19.392706,-99.172813",,19.392706,-99.172813
10/04/2025 09:36,55," 19.392706,-99.172813",,19.392706,-99.172813
10/04/2025 09:36,55," 19.392706,-99.172813",,19.392706,-99.172813
10/04/2025 09:36,56," 19.392689,-99.172783",,19.392689,-99.172783
10/04/2025 09:36,74," 19.392689,-99.172783",,19.392689,-99.172783
10/04/2025 09:37,91," 19.392672,-99.172783",,19.392672,-99.172783
10/04/2025 09:37,76," 19.392683,-99.172791",,19.392683,-99.172791
